NID,dtn,dtp,dtcf,aua,nl,latte,grasso,prot,scs,kg_grs,kg_prt
V1,25/12/06,26/07/2014,07/01/2015,2781016,6,22.7,3.89,3.17,71,0.88303,0.71959
V1,25/12/06,02/07/2015,07/06/2016,2781016,7,20.8,4.43,3.56,266,0.92144,0.74048
V1,25/12/06,26/07/2014,10/02/2015,2781016,6,22.9,3.58,3.2,86,0.81982,0.7328
V1,25/12/06,02/07/2015,12/01/2016,2781016,7,22.9,4.41,3.66,591,1.00989,0.83814
V1,25/12/06,02/07/2015,16/02/2016,2781016,7,19.9,4.57,3.25,1444,0.90943,0.64675
V1,25/12/06,26/07/2014,17/03/2015,2781016,6,17.6,3.41,3.65,51,0.60016,0.6424
V1,25/12/06,02/07/2015,23/03/2016,2781016,7,19.1,5.46,3.67,554,1.04286,0.70097
V1,25/12/06,02/07/2015,26/08/2015,2781016,7,25.3,4,2.71,80,1.012,0.68563
V1,25/12/06,02/07/2015,28/04/2016,2781016,7,21.7,4.63,3.85,328,1.00471,0.83545
V1,25/12/06,02/07/2015,29/09/2015,2781016,7,27,5.7,2.93,86,1.539,0.7911
V2,03/12/11,21/07/2017,02/11/2017,2796407,4,19.5,4.01,3.69,2199,0.78195,0.71955
V2,03/12/11,12/03/2015,03/04/2015,2796407,2,25.3,4.32,3.39,52,1.09296,0.85767
V2,03/12/11,14/07/2016,05/05/2017,2796407,3,14.2,4.65,4.24,192,0.6603,0.60208
V2,03/12/11,12/03/2015,05/09/2015,2796407,2,16,3.6,3.46,103,0.576,0.5536
V2,03/12/11,12/03/2015,13/01/2016,2796407,2,11.3,4.84,4.23,319,0.54692,0.47799
V2,03/12/11,14/07/2016,13/01/2017,2796407,3,17.7,4.84,4.34,73,0.85668,0.76818
V2,03/12/11,12/03/2015,13/05/2015,2796407,2,20.1,3.22,3.1,196,0.64722,0.6231
V2,03/12/11,14/07/2016,13/09/2016,2796407,3,18.8,3.91,3.63,48,0.73508,0.68244
V2,03/12/11,12/03/2015,13/10/2015,2796407,2,16,4.01,3.88,99,0.6416,0.6208
V2,03/12/11,21/07/2017,13/12/2017,2796407,4,18.9,3.75,3.86,416,0.70875,0.72954
V2,03/12/11,12/03/2015,18/02/2016,2796407,2,12.8,4.59,3.89,2140,0.58752,0.49792
V2,03/12/11,12/03/2015,18/06/2015,2796407,2,17.1,3.39,3.06,280,0.57969,0.52326
V2,03/12/11,12/03/2015,18/11/2015,2796407,2,16.4,4.59,3.92,113,0.75276,0.64288
V2,03/12/11,14/07/2016,19/07/2016,2796407,3,19.9,4.36,4.32,360,0.86764,0.85968
V2,03/12/11,14/07/2016,21/10/2016,2796407,3,16,4.34,3.74,60,0.6944,0.5984
V2,03/12/11,14/07/2016,22/02/2017,2796407,3,15.2,4.43,3.84,94,0.67336,0.58368
V2,03/12/11,21/07/2017,22/09/2017,2796407,4,19.9,4.07,3.35,252,0.80993,0.66665
V2,03/12/11,13/02/2014,23/01/2015,2796407,1,15.4,4.11,3.73,307,0.63294,0.57442
V2,03/12/11,21/07/2017,25/01/2018,2796407,4,15.2,3.9,3.9,659,0.5928,0.5928
V2,03/12/11,12/03/2015,28/07/2015,2796407,2,14.3,3.82,3.31,6497,0.54626,0.47333
V2,03/12/11,14/07/2016,29/03/2017,2796407,3,12.5,4.5,3.95,323,0.5625,0.49375
V2,03/12/11,14/07/2016,30/11/2016,2796407,3,13.9,4.37,4.07,63,0.60743,0.56573
V3,03/12/12,14/05/2016,15/09/2016,2722109,1,11.3,3.77,3.24,25,0.42601,0.36612
V3,03/12/12,14/05/2016,15/12/2016,2722109,1,10,4.38,3.94,74,0.438,0.394
V3,03/12/12,14/05/2016,16/11/2016,2722109,1,12.8,4.05,3.94,41,0.5184,0.50432
V3,03/12/12,14/05/2016,18/10/2016,2722109,1,10,5.32,3.84,72,0.532,0.384
V3,03/12/12,14/05/2016,19/01/2017,2722109,1,11.7,4.33,4.09,48,0.50661,0.47853
V3,03/12/12,14/05/2016,19/05/2016,2722109,1,23.7,4.79,4.36,45,1.13523,1.03332
V3,03/12/12,14/05/2016,20/02/2017,2722109,1,12.6,4.29,4.01,30,0.54054,0.50526
V3,03/12/12,14/05/2016,21/06/2016,2722109,1,20.1,3.45,3.52,40,0.69345,0.70752
V3,03/12/12,14/05/2016,22/07/2016,2722109,1,18.2,4.61,3.22,78,0.83902,0.58604
V3,03/12/12,14/05/2016,25/03/2017,2722109,1,8.9,3.66,4.13,41,0.32574,0.36757
V3,03/12/12,14/05/2016,28/04/2017,2722109,1,11.2,4.84,4.09,71,0.54208,0.45808
V4,29/07/12,06/11/2014,02/03/2015,2781028,1,25.3,4.42,3.81,14,1.11826,0.96393
V4,29/07/12,06/04/2017,06/06/2017,2781028,3,28.1,3.38,3.47,17,0.94978,0.97507
V4,29/07/12,06/04/2017,06/09/2017,2781028,3,25,3.6,3.75,22,0.9,0.9375
V4,29/07/12,04/03/2016,07/06/2016,2781028,2,32.4,3.23,3.41,9,1.04652,1.10484
V4,29/07/12,04/03/2016,09/01/2017,2781028,2,25.6,4.15,4.22,17,1.0624,1.08032
V4,29/07/12,06/11/2014,13/04/2015,2781028,1,23.8,3.71,3.65,16,0.88298,0.8687
V4,29/07/12,04/03/2016,13/07/2016,2781028,2,30.2,2.9,3.32,4,0.8758,1.00264
V4,29/07/12,06/04/2017,13/07/2017,2781028,3,18.2,3.81,3.7,55,0.69342,0.6734
V4,29/07/12,04/03/2016,13/09/2016,2781028,2,26.4,3.51,3.41,5,0.92664,0.90024
V4,29/07/12,04/03/2016,14/02/2017,2781028,2,21.4,5.32,4.21,28,1.13848,0.90094
V4,29/07/12,06/11/2014,14/09/2015,2781028,1,24.7,3.56,3.89,19,0.87932,0.96083
V4,29/07/12,06/04/2017,15/01/2018,2781028,3,13.8,4.49,4.43,146,0.61962,0.61134
V4,29/07/12,06/11/2014,15/05/2015,2781028,1,24.2,5.25,3.94,19,1.2705,0.95348
V4,29/07/12,06/04/2017,16/10/2017,2781028,3,17.1,4.4,4.21,65,0.7524,0.71991
V4,29/07/12,04/03/2016,18/10/2016,2781028,2,26.1,3.7,3.77,20,0.9657,0.98397
V4,29/07/12,06/11/2014,19/10/2015,2781028,1,22.1,3.76,4.21,32,0.83096,0.93041
V4,29/07/12,06/04/2017,21/11/2017,2781028,3,17.6,4.23,4.26,64,0.74448,0.74976
V4,29/07/12,06/11/2014,22/01/2015,2781028,1,24.3,3.94,3.31,11,0.95742,0.80433
V4,29/07/12,06/11/2014,22/06/2015,2781028,1,22.5,3.59,3.62,11,0.80775,0.8145
V4,29/07/12,04/03/2016,23/03/2016,2781028,2,38.4,3.7,3.25,11,1.4208,1.248
V4,29/07/12,06/11/2014,24/07/2015,2781028,1,22.2,3.31,3.74,9,0.73482,0.83028
V4,29/07/12,04/03/2016,28/11/2016,2781028,2,25.5,4.4,4.09,16,1.122,1.04295
V4,29/07/12,04/03/2016,29/04/2016,2781028,2,33.6,3.06,2.98,11,1.02816,1.00128
V5,26/12/13,17/09/2016,09/01/2017,2722692,1,21.8,4.22,3.44,35,0.91996,0.74992
V5,26/12/13,17/09/2016,14/02/2017,2722692,1,18.1,3.63,3.08,18,0.65703,0.55748
V5,26/12/13,17/09/2016,14/07/2017,2722692,1,8.7,4.38,3.3,13,0.38106,0.2871
V5,26/12/13,17/09/2016,18/10/2016,2722692,1,18.9,3.44,3.09,11,0.65016,0.58401
V5,26/12/13,17/09/2016,20/03/2017,2722692,1,13,3.75,3.23,17,0.4875,0.4199
V5,26/12/13,17/09/2016,26/04/2017,2722692,1,13.1,3.69,3.06,16,0.48339,0.40086
V5,26/12/13,17/09/2016,26/11/2016,2722692,1,18,3.83,3.15,11,0.6894,0.567
V6,26/10/08,06/11/2015,01/02/2016,2731005,4,27.9,3.61,2.91,609,1.00719,0.81189
V6,26/10/08,06/11/2015,08/03/2016,2731005,4,23.6,4.28,3.44,2300,1.01008,0.81184
V6,26/10/08,06/11/2015,13/04/2016,2731005,4,17.2,4.67,3.43,2493,0.80324,0.58996
V6,26/10/08,06/11/2015,20/05/2016,2731005,4,24.5,4.34,3.69,2675,1.0633,0.90405
V6,26/10/08,06/11/2015,20/11/2015,2731005,4,27.9,4.21,3.51,147,1.17459,0.97929
V6,26/10/08,06/11/2015,22/12/2015,2731005,4,30.6,3.88,2.92,304,1.18728,0.89352
V6,26/10/08,06/11/2015,28/06/2016,2731005,4,19.1,3.43,3.26,68,0.65513,0.62266
V7,07/09/12,17/01/2015,03/04/2015,2796407,1,23.9,3.69,2.94,223,0.88191,0.70266
V7,07/09/12,04/01/2016,03/05/2016,2796407,2,20.2,3.62,3.18,162,0.73124,0.64236
V7,07/09/12,13/02/2017,05/05/2017,2796407,3,24.9,3.65,3.12,43,0.90885,0.77688
V7,07/09/12,17/01/2015,05/09/2015,2796407,1,15.1,3.85,3.89,224,0.58135,0.58739
V7,07/09/12,04/01/2016,10/06/2016,2796407,2,20.8,3.37,3.38,65,0.70096,0.70304
V7,07/09/12,04/01/2016,13/01/2016,2796407,2,23.3,3.9,3.66,163,0.9087,0.85278
V7,07/09/12,17/01/2015,13/05/2015,2796407,1,23.1,3.11,3.01,389,0.71841,0.69531
V7,07/09/12,04/01/2016,13/09/2016,2796407,2,15.4,3.82,3.98,171,0.58828,0.61292
V7,07/09/12,17/01/2015,13/10/2015,2796407,1,10.7,5,4.91,1473,0.535,0.52537
V7,07/09/12,13/02/2017,15/06/2017,2796407,3,24.3,3.53,3.2,53,0.85779,0.7776
V7,07/09/12,04/01/2016,18/02/2016,2796407,2,26.8,3.32,2.9,223,0.88976,0.7772
V7,07/09/12,17/01/2015,18/06/2015,2796407,1,19.1,3.39,3.2,136,0.64749,0.6112
V7,07/09/12,17/01/2015,18/11/2015,2796407,1,11.6,5.63,5.14,959,0.65308,0.59624
V7,07/09/12,04/01/2016,19/07/2016,2796407,2,17.7,3.52,3.32,106,0.62304,0.58764
V7,07/09/12,04/01/2016,21/10/2016,2796407,2,11.5,4.84,4.45,125,0.5566,0.51175
V7,07/09/12,13/02/2017,22/02/2017,2796407,3,23.8,4.5,3.86,3851,1.071,0.91868
V7,07/09/12,13/02/2017,22/09/2017,2796407,3,17.3,3.92,3.79,116,0.67816,0.65567
V7,07/09/12,17/01/2015,23/01/2015,2796407,1,23.2,4.73,3.94,1930,1.09736,0.91408
V7,07/09/12,04/01/2016,24/03/2016,2796407,2,22.6,3.73,2.85,192,0.84298,0.6441
V7,07/09/12,13/02/2017,25/07/2017,2796407,3,23.1,3.67,3.3,63,0.84777,0.7623
V7,07/09/12,17/01/2015,26/02/2015,2796407,1,28.3,4.19,2.59,303,1.18577,0.73297
V7,07/09/12,17/01/2015,28/07/2015,2796407,1,16.5,3.96,3.5,232,0.6534,0.5775
V7,07/09/12,13/02/2017,29/03/2017,2796407,3,27.6,3.94,2.8,107,1.08744,0.7728
V7,07/09/12,04/01/2016,30/11/2016,2796407,2,4,4.69,5.03,252,0.1876,0.2012
V8,18/01/13,17/04/2016,06/07/2016,2752236,2,19.5,3.47,3.14,107,0.67665,0.6123
V8,18/01/13,24/02/2015,07/10/2015,2752236,1,10.8,3.56,3.71,39,0.38448,0.40068
V8,18/01/13,24/02/2015,13/11/2015,2752236,1,12,4.07,3.66,31,0.4884,0.4392
V8,18/01/13,24/02/2015,18/12/2015,2752236,1,9.2,4.13,3.96,24,0.37996,0.36432
V8,18/01/13,24/02/2015,19/05/2015,2752236,1,17.4,3.55,3.08,17,0.6177,0.53592
V8,18/01/13,24/02/2015,26/06/2015,2752236,1,12.5,3.69,3.39,622,0.46125,0.42375
V8,18/01/13,17/04/2016,27/05/2016,2752236,2,22.9,3.14,3.22,67,0.71906,0.73738
V8,18/01/13,24/02/2015,29/07/2015,2752236,1,13.6,3.88,3.46,49,0.52768,0.47056
V9,07/03/12,06/09/2016,02/05/2017,2752280,3,29.3,3.63,3.48,359,1.06359,1.01964
V9,07/03/12,30/04/2015,04/09/2015,2752280,2,26.4,2.87,2.92,135,0.75768,0.77088
V9,07/03/12,30/04/2015,06/05/2015,2752280,2,32.9,3.62,3.47,70,1.19098,1.14163
V9,07/03/12,06/09/2016,07/06/2017,2752280,3,25.7,3.76,3.62,906,0.96632,0.93034
V9,07/03/12,06/09/2016,09/01/2017,2752280,3,31.7,3.6,3.54,35,1.1412,1.12218
V9,07/03/12,30/04/2015,09/10/2015,2752280,2,29.9,3.91,3.25,196,1.16909,0.97175
V9,07/03/12,30/04/2015,11/06/2015,2752280,2,28.2,2.62,2.57,42,0.73884,0.72474
V9,07/03/12,30/04/2015,12/01/2016,2752280,2,32.1,3.9,3.56,227,1.2519,1.14276
V9,07/03/12,06/09/2016,12/07/2017,2752280,3,23.3,4.01,3.74,2483,0.93433,0.87142
V9,07/03/12,30/04/2015,13/07/2015,2752280,2,32.4,3.49,2.84,231,1.13076,0.92016
V9,07/03/12,06/09/2016,15/09/2016,2752280,3,29.3,2.92,3.01,17,0.85556,0.88193
V9,07/03/12,30/04/2015,16/02/2016,2752280,2,30.6,3.26,3.49,228,0.99756,1.06794
V9,07/03/12,06/09/2016,16/02/2017,2752280,3,27,3.71,3.62,264,1.0017,0.9774
V9,07/03/12,30/04/2015,18/11/2015,2752280,2,30.4,3.89,3.47,157,1.18256,1.05488
V9,07/03/12,30/04/2015,22/03/2016,2752280,2,21.7,5.11,3.76,2356,1.10887,0.81592
V9,07/03/12,09/06/2014,23/01/2015,2752280,1,19,3.87,3.49,203,0.7353,0.6631
V9,07/03/12,06/09/2016,24/03/2017,2752280,3,30.1,3.49,3.62,288,1.05049,1.08962
V9,07/03/12,09/06/2014,25/02/2015,2752280,1,16.4,4.16,3.5,163,0.68224,0.574
V9,07/03/12,06/09/2016,25/10/2016,2752280,3,30.8,3.22,3.12,20,0.99176,0.96096
V9,07/03/12,06/09/2016,29/11/2016,2752280,3,28.9,3.63,3.53,702,1.04907,1.02017
V10,03/07/11,03/10/2014,17/01/2015,2781408,2,24.3,3.77,3.6,248,0.91611,0.8748
V10,03/07/11,03/10/2014,25/02/2015,2781408,2,19.2,3.66,3.92,29,0.70272,0.75264
V11,29/12/07,28/08/2016,02/12/2016,2791319,6,29.3,2.8,3.49,21,0.8204,1.02257
V11,29/12/07,09/05/2015,03/11/2015,2791319,5,30.1,4.92,3.85,24,1.48092,1.15885
V11,29/12/07,28/08/2016,05/05/2017,2791319,6,20.5,3.95,3.81,78,0.80975,0.78105
V11,29/12/07,28/08/2016,08/06/2017,2791319,6,18.4,4.16,4,82,0.76544,0.736
V11,29/12/07,09/05/2015,10/12/2015,2791319,5,24,4.73,4.24,32,1.1352,1.0176
V11,29/12/07,28/08/2016,13/01/2017,2791319,6,28.7,3.95,3.32,24,1.13365,0.95284
V11,29/12/07,28/08/2016,13/09/2016,2791319,6,26.2,6.08,2.9,15,1.59296,0.7598
V11,29/12/07,02/05/2014,15/01/2015,2791319,4,21.2,4.96,4.26,102,1.05152,0.90312
V11,29/12/07,09/05/2015,20/01/2016,2791319,5,18.2,4.48,4.15,60,0.81536,0.7553
V11,29/12/07,28/08/2016,21/02/2017,2791319,6,30.9,3.06,3.93,38,0.94554,1.21437
V11,29/12/07,28/08/2016,21/10/2016,2791319,6,30.2,4.05,2.98,30,1.2231,0.89996
V11,29/12/07,09/05/2015,22/06/2015,2791319,5,31.9,4.58,2.82,23,1.46102,0.89958
V11,29/12/07,09/05/2015,23/02/2016,2791319,5,17,6.26,4.26,55,1.0642,0.7242
V11,29/12/07,09/05/2015,24/09/2015,2791319,5,23.5,3.57,3.55,14,0.83895,0.83425
V11,29/12/07,28/08/2016,27/03/2017,2791319,6,21.8,3.06,3.86,46,0.66708,0.84148
V11,29/12/07,09/05/2015,28/07/2015,2791319,5,22.1,4.01,2.97,22,0.88621,0.65637
V11,29/12/07,09/05/2015,31/03/2016,2791319,5,13.9,5.4,4.32,69,0.7506,0.60048
V12,19/08/11,18/08/2015,02/05/2016,2791352,3,7.4,3.56,3.63,127,0.26344,0.26862
V12,19/08/11,04/10/2016,02/05/2017,2791352,4,13.3,4.01,3.69,501,0.53333,0.49077
V12,19/08/11,18/08/2015,02/09/2015,2791352,3,17.6,3.69,3.64,193,0.64944,0.64064
V12,19/08/11,09/10/2014,03/06/2015,2791352,2,10.7,5.33,3.65,32,0.57031,0.39055
V12,19/08/11,04/10/2016,07/06/2017,2791352,4,14.7,3.88,3.42,449,0.57036,0.50274
V12,19/08/11,18/08/2015,08/06/2016,2791352,3,8.5,4.72,3.42,195,0.4012,0.2907
V12,19/08/11,09/10/2014,09/01/2015,2791352,2,10.1,4.73,3.7,19,0.47773,0.3737
V12,19/08/11,04/10/2016,09/01/2017,2791352,4,25.9,4.65,3.05,20,1.20435,0.78995
V12,19/08/11,04/10/2016,09/09/2017,2791352,4,16.3,4.21,3.86,717,0.68623,0.62918
V12,19/08/11,09/10/2014,12/02/2015,2791352,2,8.5,3.48,3.02,188,0.2958,0.2567
V12,19/08/11,18/08/2015,12/10/2015,2791352,3,12.4,3.77,3.56,51,0.46748,0.44144
V12,19/08/11,04/10/2016,13/07/2017,2791352,4,15.9,4.13,3.58,482,0.65667,0.56922
V12,19/08/11,18/08/2015,14/01/2016,2791352,3,8.3,4.04,3.31,680,0.33532,0.27473
V12,19/08/11,04/10/2016,16/02/2017,2791352,4,17.7,4.8,3.47,152,0.8496,0.61419
V12,19/08/11,18/08/2015,16/07/2016,2791352,3,8.3,4.34,3.86,169,0.36022,0.32038
V12,19/08/11,04/11/2017,19/01/2018,2791352,5,17.8,3.83,3.36,22,0.68174,0.59808
V12,19/08/11,18/08/2015,19/02/2016,2791352,3,8.3,3.88,3.91,682,0.32204,0.32453
V12,19/08/11,04/10/2016,19/10/2016,2791352,4,13,4.93,3.37,22,0.6409,0.4381
V12,19/08/11,18/08/2015,19/11/2015,2791352,3,17.4,4.2,3.97,110,0.7308,0.69078
V12,19/08/11,04/11/2017,20/11/2017,2791352,5,24.1,4.71,3.94,402,1.13511,0.94954
V12,19/08/11,04/10/2016,21/03/2017,2791352,4,7.3,3.85,3.5,17,0.28105,0.2555
V12,19/08/11,09/10/2014,24/04/2015,2791352,2,8.2,5.59,3.33,25,0.45838,0.27306
V12,19/08/11,18/08/2015,29/03/2016,2791352,3,8.7,3.24,3.64,226,0.28188,0.31668
V12,19/08/11,04/10/2016,29/11/2016,2791352,4,18.1,5.05,3.05,29,0.91405,0.55205
V13,12/01/08,20/10/2014,05/03/2015,2752235,5,23.5,4.18,3.39,52,0.9823,0.79665
V13,12/01/08,01/01/2016,07/06/2016,2752235,6,28.4,3.28,3.08,6,0.93152,0.87472
V13,12/01/08,20/10/2014,07/09/2015,2752235,5,14.7,5.26,4.22,47,0.77322,0.62034
V13,12/01/08,01/01/2016,11/11/2016,2752235,6,15.9,3.33,3.74,31,0.52947,0.59466
V13,12/01/08,20/10/2014,13/04/2015,2752235,5,21.6,3.13,3.62,41,0.67608,0.78192
V13,12/01/08,01/01/2016,14/07/2016,2752235,6,21.6,4.62,3.45,11,0.99792,0.7452
V13,12/01/08,01/01/2016,15/01/2016,2752235,6,30.3,3.96,3.37,32,1.19988,1.02111
V13,12/01/08,01/01/2016,17/02/2016,2752235,6,31.4,4.47,3.3,98,1.40358,1.0362
V13,12/01/08,20/10/2014,19/05/2015,2752235,5,22.7,4.96,3.46,51,1.12592,0.78542
V13,12/01/08,01/01/2016,23/03/2016,2752235,6,27.3,3.18,2.97,8,0.86814,0.81081
V13,12/01/08,01/01/2016,24/08/2016,2752235,6,22.1,4.2,3.32,118,0.9282,0.73372
V13,12/01/08,20/10/2014,25/06/2015,2752235,5,18.4,4.51,3.39,54,0.82984,0.62376
V13,12/01/08,20/10/2014,27/01/2015,2752235,5,20.7,3.44,3.29,9,0.71208,0.68103
V13,12/01/08,01/01/2016,28/04/2016,2752235,6,27.8,3.19,3.33,15,0.88682,0.92574
V13,12/01/08,20/10/2014,30/07/2015,2752235,5,14.9,4.08,3.54,98,0.60792,0.52746
V13,12/01/08,01/01/2016,30/09/2016,2752235,6,19.7,4.79,3.35,1289,0.94363,0.65995
V14,24/08/12,30/01/2015,14/05/2015,2724338,1,19.9,3.16,2.75,179,0.62884,0.54725
V14,24/08/12,30/01/2015,18/02/2015,2724338,1,21.4,4.09,3.22,34,0.87526,0.68908
V14,24/08/12,30/01/2015,23/06/2015,2724338,1,20.6,3.88,3.05,22,0.79928,0.6283
V14,24/08/12,30/01/2015,26/03/2015,2724338,1,25.5,4.12,3.11,28,1.0506,0.79305
V15,11/11/12,12/01/2015,14/05/2015,2724338,1,17.2,2.95,2.87,41,0.5074,0.49364
V15,11/11/12,12/01/2015,18/02/2015,2724338,1,19.9,3.85,3.11,11,0.76615,0.61889
V15,11/11/12,12/01/2015,23/06/2015,2724338,1,16.7,3.5,3.29,39,0.5845,0.54943
V15,11/11/12,12/01/2015,26/03/2015,2724338,1,28.4,3.34,3,45,0.94856,0.852
V16,28/09/12,09/11/2014,01/07/2015,2791602,1,15.2,3.98,3.59,132,0.60496,0.54568
V16,28/09/12,15/01/2016,03/02/2016,2791602,2,37.5,3.1,3.11,44,1.1625,1.16625
V16,28/09/12,03/12/2016,06/03/2017,2791602,3,28.7,3.63,3.07,42,1.04181,0.88109
V16,28/09/12,09/11/2014,06/08/2015,2791602,1,17.6,3.71,3.33,33,0.65296,0.58608
V16,28/09/12,09/11/2014,09/01/2015,2791602,1,29.5,3.37,3.16,28,0.99415,0.9322
V16,28/09/12,15/01/2016,11/03/2016,2791602,2,29.8,3.1,3.19,36,0.9238,0.95062
V16,28/09/12,03/12/2016,12/04/2017,2791602,3,27.6,3.68,2.87,32,1.01568,0.79212
V16,28/09/12,09/11/2014,13/02/2015,2791602,1,25.2,3.59,3.39,53,0.90468,0.85428
V16,28/09/12,15/01/2016,15/04/2016,2791602,2,24.2,3.5,3.38,83,0.847,0.81796
V16,28/09/12,09/11/2014,15/09/2015,2791602,1,15.4,4.76,4.11,122,0.73304,0.63294
V16,28/09/12,02/11/2017,15/11/2017,2791602,4,34.3,6.92,3.35,136,2.37356,1.14905
V16,28/09/12,03/12/2016,15/12/2016,2791602,3,26.7,4.05,3.52,48,1.08135,0.93984
V16,28/09/12,02/11/2017,16/01/2018,2791602,4,30.5,3.71,2.89,79,1.13155,0.88145
V16,28/09/12,03/12/2016,16/05/2017,2791602,3,24.8,4.26,3.13,60,1.05648,0.77624
V16,28/09/12,09/11/2014,20/03/2015,2791602,1,28.5,2.41,3.38,38,0.68685,0.9633
V16,28/09/12,09/11/2014,22/04/2015,2791602,1,27.8,3.38,3.2,61,0.93964,0.8896
V16,28/09/12,15/01/2016,23/05/2016,2791602,2,25,3.45,3.36,45,0.8625,0.84
V16,28/09/12,03/12/2016,23/06/2017,2791602,3,23.3,3.99,3.4,1776,0.92967,0.7922
V16,28/09/12,03/12/2016,26/01/2017,2791602,3,32.4,3.42,2.93,29,1.10808,0.94932
V16,28/09/12,15/01/2016,27/08/2016,2791602,2,12.9,3.93,4.05,81,0.50697,0.52245
V16,28/09/12,09/11/2014,28/05/2015,2791602,1,23.7,3.29,3.26,25,0.77973,0.77262
V16,28/09/12,03/12/2016,28/07/2017,2791602,3,13,4.18,3.71,103,0.5434,0.4823
V16,28/09/12,15/01/2016,29/06/2016,2791602,2,20.2,3.5,3.18,91,0.707,0.64236
V17,18/08/11,12/03/2016,02/05/2016,2791352,3,34.9,4.15,2.82,49,1.44835,0.98418
V17,18/08/11,23/03/2017,02/05/2017,2791352,4,28.8,4.09,3.02,107,1.17792,0.86976
V17,18/08/11,09/12/2014,02/09/2015,2791352,2,12.9,3.91,3.9,69,0.50439,0.5031
V17,18/08/11,09/12/2014,03/06/2015,2791352,2,16.9,4.34,3.5,69,0.73346,0.5915
V17,18/08/11,09/12/2014,06/07/2015,2791352,2,11.3,3.65,3.7,54,0.41245,0.4181
V17,18/08/11,23/03/2017,07/06/2017,2791352,4,33,5.3,2.77,55,1.749,0.9141
V17,18/08/11,12/03/2016,08/06/2016,2791352,3,30.9,4.22,3.05,51,1.30398,0.94245
V17,18/08/11,09/12/2014,09/01/2015,2791352,2,19.3,3.1,3.18,31,0.5983,0.61374
V17,18/08/11,12/03/2016,09/01/2017,2791352,3,20.2,4.38,3.9,32,0.88476,0.7878
V17,18/08/11,23/03/2017,09/09/2017,2791352,4,28.8,3.9,3.75,96,1.1232,1.08
V17,18/08/11,09/12/2014,12/02/2015,2791352,2,10.4,2.67,3.11,75,0.27768,0.32344
V17,18/08/11,12/03/2016,12/09/2016,2791352,3,19.5,3.33,3.85,96,0.64935,0.75075
V17,18/08/11,09/12/2014,12/10/2015,2791352,2,7.9,5.72,4.28,94,0.45188,0.33812
V17,18/08/11,23/03/2017,13/07/2017,2791352,4,32.3,3.68,3.49,1395,1.18864,1.12727
V17,18/08/11,23/03/2017,13/10/2017,2791352,4,20.5,4.41,4.13,128,0.90405,0.84665
V17,18/08/11,12/03/2016,16/07/2016,2791352,3,26.6,3.55,3.37,79,0.9443,0.89642
V17,18/08/11,23/03/2017,19/01/2018,2791352,4,15.4,4.88,4.21,207,0.75152,0.64834
V17,18/08/11,09/12/2014,19/03/2015,2791352,2,10.3,2.82,3.6,124,0.29046,0.3708
V17,18/08/11,12/03/2016,19/10/2016,2791352,3,23.9,4.37,4.04,343,1.04443,0.96556
V17,18/08/11,09/12/2014,19/11/2015,2791352,2,5.5,6.33,5.13,271,0.34815,0.28215
V17,18/08/11,23/03/2017,20/11/2017,2791352,4,23,4.44,4.66,113,1.0212,1.0718
V17,18/08/11,09/12/2014,24/04/2015,2791352,2,12.1,4.63,3.33,125,0.56023,0.40293
V17,18/08/11,12/03/2016,29/03/2016,2791352,3,31.7,4.63,2.83,159,1.46771,0.89711
V17,18/08/11,12/03/2016,29/11/2016,2791352,3,14.7,5.35,4.03,359,0.78645,0.59241
V18,15/08/09,01/01/2015,01/07/2015,2722109,4,16.9,4.12,3.19,179,0.69628,0.53911
V18,15/08/09,29/12/2015,15/09/2016,2722109,5,7.8,3.63,3.28,411,0.28314,0.25584
V18,15/08/09,29/12/2015,17/02/2016,2722109,5,27.2,3.49,3.26,297,0.94928,0.88672
V18,15/08/09,29/12/2015,17/03/2016,2722109,5,24.7,3.77,3.33,1936,0.93119,0.82251
V18,15/08/09,29/12/2015,18/01/2016,2722109,5,24.2,3.74,3.3,302,0.90508,0.7986
V18,15/08/09,29/12/2015,18/10/2016,2722109,5,10.2,4.73,3.92,203,0.48246,0.39984
V18,15/08/09,01/01/2015,19/02/2015,2722109,4,23.1,3.91,3.09,820,0.90321,0.71379
V18,15/08/09,29/12/2015,19/04/2016,2722109,5,20.6,4.51,3.37,3526,0.92906,0.69422
V18,15/08/09,29/12/2015,19/05/2016,2722109,5,25.3,3.36,3.44,89,0.85008,0.87032
V18,15/08/09,01/01/2015,21/01/2015,2722109,4,25.4,3.47,3.23,60,0.88138,0.82042
V18,15/08/09,29/12/2015,21/06/2016,2722109,5,21.5,3.98,3.54,683,0.8557,0.7611
V18,15/08/09,29/12/2015,22/07/2016,2722109,5,10.2,4.09,3.08,264,0.41718,0.31416
V18,15/08/09,01/01/2015,23/04/2015,2722109,4,21.1,3.65,3.35,182,0.77015,0.70685
V18,15/08/09,01/01/2015,25/03/2015,2722109,4,19.9,3.37,3.12,308,0.67063,0.62088
V18,15/08/09,01/01/2015,26/05/2015,2722109,4,19.9,3.05,3.2,102,0.60695,0.6368
V19,20/09/08,22/11/2014,01/07/2015,2720373,5,22.8,3.58,3.28,13,0.81624,0.74784
V19,20/09/08,02/11/2016,01/12/2016,2720373,7,28.3,3.7,3.06,22,1.0471,0.86598
V19,20/09/08,02/11/2016,03/05/2017,2720373,7,22.7,3.65,3.36,119,0.82855,0.76272
V19,20/09/08,22/11/2014,05/08/2015,2720373,5,10.9,4.88,3.67,60,0.53192,0.40003
V19,20/09/08,19/12/2015,08/01/2016,2720373,6,29.6,3.94,2.72,21,1.16624,0.80512
V19,20/09/08,13/10/2017,08/01/2018,2720373,8,22,4.38,3.29,50,0.9636,0.7238
V19,20/09/08,02/11/2016,08/06/2017,2720373,7,25.8,3.95,3.48,92,1.0191,0.89784
V19,20/09/08,13/10/2017,09/02/2018,2720373,8,25.2,3.18,3.27,87,0.80136,0.82404
V19,20/09/08,02/11/2016,11/01/2017,2720373,7,27.1,3.92,3.11,17,1.06232,0.84281
V19,20/09/08,19/12/2015,13/02/2016,2720373,6,28.6,2.18,2.59,20,0.62348,0.74074
V19,20/09/08,02/11/2016,15/02/2017,2720373,7,25.4,5.23,3.2,31,1.32842,0.8128
V19,20/09/08,19/12/2015,18/03/2016,2720373,6,30.1,3.55,2.92,15,1.0685500000000001,0.87892
V19,20/09/08,22/11/2014,18/04/2015,2720373,5,20.9,3.72,3.27,26,0.77748,0.68343
V19,20/09/08,19/12/2015,19/07/2016,2720373,6,16,4.3,3.49,188,0.688,0.5584
V19,20/09/08,02/11/2016,19/07/2017,2720373,7,13.7,3.55,3.38,264,0.48635,0.46306
V19,20/09/08,22/11/2014,22/05/2015,2720373,5,18.9,3.02,3.33,18,0.57078,0.62937
V19,20/09/08,02/11/2016,23/03/2017,2720373,7,24.3,3.31,3.3,26,0.80433,0.8019
V19,20/09/08,19/12/2015,23/04/2016,2720373,6,24.7,3.99,2.8,15,0.98553,0.6916
V19,20/09/08,13/10/2017,23/10/2017,2720373,8,13.3,4.13,3.53,132,0.54929,0.46949
V19,20/09/08,22/11/2014,24/01/2015,2720373,5,25.6,2.37,2.79,13,0.60672,0.71424
V19,20/09/08,22/11/2014,27/02/2015,2720373,5,25.4,2.08,3.06,3,0.52832,0.77724
V19,20/09/08,13/10/2017,29/11/2017,2720373,8,23.6,3.71,3.52,107,0.87556,0.83072
V19,20/09/08,19/12/2015,31/05/2016,2720373,6,30.2,3.96,3.1,11,1.19592,0.9362
V20,29/12/13,03/09/2016,02/02/2017,2780876,1,22.1,3.94,3.87,12,0.87074,0.85527
V20,29/12/13,20/08/2017,03/11/2017,2780876,2,23.4,2.87,3.55,160,0.67158,0.8307
V20,29/12/13,03/09/2016,04/10/2016,2780876,1,26.3,3.12,2.99,22,0.82056,0.78637
V20,29/12/13,03/09/2016,11/11/2016,2780876,1,29.8,3.17,3.46,8,0.94466,1.03108
V20,29/12/13,03/09/2016,14/03/2017,2780876,1,23.8,3.75,3.68,13,0.8925,0.87584
V20,29/12/13,20/08/2017,14/12/2017,2780876,2,24.3,3.59,3.84,23,0.87237,0.93312
V20,29/12/13,03/09/2016,21/04/2017,2780876,1,27.7,3.93,3.74,13,1.08861,1.03598
V20,29/12/13,03/09/2016,22/12/2016,2780876,1,27.8,3.07,3.4,8,0.85346,0.9452
V20,29/12/13,20/08/2017,23/01/2018,2780876,2,25.8,3.49,3.75,48,0.90042,0.9675
V20,29/12/13,03/09/2016,26/05/2017,2780876,1,20.2,3.97,3.83,16,0.80194,0.77366
V20,29/12/13,20/08/2017,26/09/2017,2780876,2,27.8,3.32,3.2,30,0.92296,0.8896
V21,31/01/14,12/12/2016,03/05/2017,2780757,1,34.6,4.58,3.56,27,1.58468,1.23176
V21,31/01/14,12/12/2016,07/06/2017,2780757,1,30.5,4.63,3.74,62,1.41215,1.1407
V21,31/01/14,12/12/2016,08/09/2017,2780757,1,25.5,4.76,3.9,64,1.2138,0.9945
V21,31/01/14,12/12/2016,13/07/2017,2780757,1,22.5,4.65,3.62,48,1.04625,0.8145
V21,31/01/14,12/12/2016,17/02/2017,2780757,1,30.1,4.26,3.77,25,1.28226,1.13477
V21,31/01/14,12/12/2016,28/03/2017,2780757,1,35.5,4.22,3.67,41,1.4981,1.30285
V22,02/07/14,25/12/2016,06/07/2017,2780744,1,26.2,3.87,3.35,27,1.01394,0.8777
V22,02/07/14,25/12/2016,07/02/2017,2780744,1,27.5,3.36,3.06,23,0.924,0.8415
V22,02/07/14,25/12/2016,07/11/2017,2780744,1,20.5,4.15,3.91,41,0.85075,0.80155
V22,02/07/14,25/12/2016,15/03/2017,2780744,1,20.9,4.13,3.77,126,0.86317,0.78793
V22,02/07/14,25/12/2016,22/08/2017,2780744,1,24.8,3.44,3.65,103,0.85312,0.9052
V22,02/07/14,25/12/2016,26/04/2017,2780744,1,25.7,3.18,3.23,28,0.81726,0.83011
V22,02/07/14,25/12/2016,29/09/2017,2780744,1,26.2,3.86,3.73,64,1.01132,0.97726
V22,02/07/14,25/12/2016,30/05/2017,2780744,1,23.8,3.29,3.56,45,0.78302,0.84728
V23,20/09/14,10/02/2017,05/01/2018,2720921,1,19.9,4.26,3.49,199,0.84774,0.69451
V23,20/09/14,10/02/2017,06/06/2017,2720921,1,25.5,3.38,2.95,44,0.8619,0.75225
V23,20/09/14,10/02/2017,06/09/2017,2720921,1,22.7,3.67,3.24,99,0.83309,0.73548
V23,20/09/14,10/02/2017,12/07/2017,2720921,1,18.7,3.45,2.99,79,0.64515,0.55913
V23,20/09/14,10/02/2017,18/10/2017,2720921,1,18.5,3.79,3.3,179,0.70115,0.6105
V23,20/09/14,10/02/2017,22/11/2017,2720921,1,18,3.95,3.63,119,0.711,0.6534
V23,20/09/14,10/02/2017,28/04/2017,2720921,1,19.6,3.13,2.81,43,0.61348,0.55076
V24,08/12/07,25/03/2014,14/01/2015,2781076,4,21.7,3.12,3.85,374,0.67704,0.83545
V24,08/12/07,25/03/2014,16/02/2015,2781076,4,14.8,4.26,4.2,307,0.63048,0.6216
V25,09/11/12,05/03/2015,03/09/2015,2752236,1,17.5,3.56,3.62,15,0.623,0.6335
V25,09/11/12,08/04/2016,06/07/2016,2752236,2,23.8,3.53,3.22,16,0.84014,0.76636
V25,09/11/12,05/03/2015,07/10/2015,2752236,1,17.8,4.19,3.88,36,0.74582,0.69064
V25,09/11/12,05/03/2015,13/11/2015,2752236,1,17.5,3.19,3.68,12,0.55825,0.644
V25,09/11/12,05/03/2015,18/12/2015,2752236,1,16.2,4.55,4.03,40,0.7371,0.65286
V25,09/11/12,05/03/2015,19/05/2015,2752236,1,20.3,3.62,2.64,27,0.73486,0.53592
V25,09/11/12,08/04/2016,22/04/2016,2752236,2,24.8,2.52,3.24,66,0.62496,0.80352
V25,09/11/12,05/03/2015,26/06/2015,2752236,1,19.1,4.2,3.3,19,0.8022,0.6303
V25,09/11/12,08/04/2016,27/05/2016,2752236,2,29.4,2.48,3.2,22,0.72912,0.9408
V25,09/11/12,05/03/2015,29/07/2015,2752236,1,17.6,4.04,3.23,16,0.71104,0.56848
V26,03/10/12,18/03/2015,03/09/2015,2752236,1,21.4,2.91,3.36,28,0.62274,0.71904
V26,03/10/12,23/02/2016,06/07/2016,2752236,2,26.2,2.65,3.29,65,0.6943,0.86198
V26,03/10/12,18/03/2015,07/10/2015,2752236,1,16.3,3.69,3.78,125,0.60147,0.61614
V26,03/10/12,18/03/2015,13/11/2015,2752236,1,18.6,4.23,3.64,111,0.78678,0.67704
V26,03/10/12,23/02/2016,17/03/2016,2752236,2,26,3.83,3.34,40,0.9958,0.8684
V26,03/10/12,18/03/2015,19/05/2015,2752236,1,26.4,3.16,2.73,49,0.83424,0.72072
V26,03/10/12,23/02/2016,22/04/2016,2752236,2,29.8,3.13,3.33,25,0.93274,0.99234
V26,03/10/12,18/03/2015,26/06/2015,2752236,1,21.8,2.8,3.07,137,0.6104,0.66926
V26,03/10/12,23/02/2016,27/05/2016,2752236,2,27.2,2.29,3.5,102,0.62288,0.952
V26,03/10/12,18/03/2015,29/07/2015,2752236,1,23,3.38,3.27,103,0.7774,0.7521
V27,05/11/12,27/06/2017,02/11/2017,2774304,3,29.3,4.04,3.13,15,1.18372,0.91709
V27,05/11/12,03/02/2015,03/09/2015,2774304,1,19.6,3.41,3.38,92,0.66836,0.66248
V27,05/11/12,03/02/2015,05/03/2015,2774304,1,33.9,3.6,2.66,21,1.2204,0.90174
V27,05/11/12,05/03/2016,06/04/2016,2774304,2,34,4,2.61,88,1.36,0.8874
V27,05/11/12,03/02/2015,06/10/2015,2774304,1,17.7,3.93,3.56,39,0.69561,0.63012
V27,05/11/12,05/03/2016,08/11/2016,2774304,2,15.7,4.33,3.82,53,0.67981,0.59974
V27,05/11/12,05/03/2016,09/02/2017,2774304,2,19.4,4.55,4.11,186,0.8827,0.79734
V27,05/11/12,05/03/2016,10/05/2016,2774304,2,36.9,3.32,2.8,27,1.22508,1.0332
V27,05/11/12,27/06/2017,12/12/2017,2774304,3,21.1,3.75,2.98,12,0.79125,0.62878
V27,05/11/12,03/02/2015,13/04/2015,2774304,1,33.6,3.28,2.83,21,1.10208,0.95088
V27,05/11/12,27/06/2017,13/07/2017,2774304,3,26.8,3.8,2.72,73,1.0184,0.72896
V27,05/11/12,03/02/2015,13/11/2015,2774304,1,15.3,4.16,3.73,27,0.63648,0.57069
V27,05/11/12,05/03/2016,14/12/2016,2774304,2,14.9,4.65,3.59,112,0.69285,0.53491
V27,05/11/12,05/03/2016,15/06/2016,2774304,2,34,2.71,2.7,53,0.9214,0.918
V27,05/11/12,03/02/2015,20/05/2015,2774304,1,32.3,2.71,2.73,11,0.87533,0.88179
V27,05/11/12,27/06/2017,22/08/2017,2774304,3,24.5,3.13,2.82,16,0.76685,0.6909
V27,05/11/12,27/06/2017,23/01/2018,2774304,3,26.5,3.58,3.25,11,0.9487,0.86125
V27,05/11/12,05/03/2016,24/08/2016,2774304,2,25.8,3.36,3.04,115,0.86688,0.78432
V27,05/11/12,03/02/2015,25/06/2015,2774304,1,28.3,2.92,3.11,31,0.82636,0.88013
V27,05/11/12,27/06/2017,26/09/2017,2774304,3,23.1,3.95,3,37,0.91245,0.693
V27,05/11/12,05/03/2016,29/09/2016,2774304,2,25.3,3.63,3.37,84,0.91839,0.85261
V28,14/12/10,18/03/2015,01/04/2015,2720484,3,33,2.78,2.87,15,0.9174,0.9471
V28,14/12/10,23/03/2016,04/10/2016,2720484,4,9.4,4.78,3.84,651,0.44932,0.36096
V28,14/12/10,18/03/2015,07/05/2015,2720484,3,28.6,1.68,3.25,316,0.48048,0.9295
V28,14/12/10,10/02/2017,08/03/2017,2720484,5,16.7,3.64,3.52,178,0.60788,0.58784
V28,14/12/10,10/02/2017,13/04/2017,2720484,5,21.9,3.38,3.15,232,0.74022,0.68985
V28,14/12/10,23/03/2016,13/06/2016,2720484,4,20.5,3.43,3,72,0.70315,0.615
V28,14/12/10,18/03/2015,18/06/2015,2720484,3,32.7,3.16,3.03,1686,1.03332,0.99081
V28,14/12/10,10/02/2017,19/05/2017,2720484,5,15.2,3.63,3.39,535,0.55176,0.51528
V28,14/12/10,23/03/2016,30/03/2016,2720484,4,21.3,4.09,3.78,55,0.87117,0.80514
V29,04/10/09,16/10/2014,01/04/2015,2720484,3,24,3.49,3.51,97,0.8376,0.8424
V29,04/10/09,14/12/2017,03/01/2018,2720484,6,27.1,4.43,3.33,42,1.20053,0.90243
V29,04/10/09,15/10/2015,03/11/2015,2720484,4,24.6,4.51,3.38,52,1.10946,0.83148
V29,04/10/09,15/10/2015,06/05/2016,2720484,4,22.9,2.65,3.85,52,0.60685,0.88165
V29,04/10/09,14/12/2017,07/02/2018,2720484,6,26.1,3.46,3.33,49,0.90306,0.86913
V29,04/10/09,16/10/2014,07/05/2015,2720484,3,23.9,4.11,3.8,37,0.98229,0.9082
V29,04/10/09,02/11/2016,08/03/2017,2720484,5,16.2,3.96,3.73,55,0.64152,0.60426
V29,04/10/09,02/11/2016,10/11/2016,2720484,5,33.8,3.18,3.32,37,1.07484,1.12216
V29,04/10/09,15/10/2015,10/12/2015,2720484,4,27,2.58,3.57,45,0.6966,0.9639
V29,04/10/09,02/11/2016,13/04/2017,2720484,5,17.6,3.75,3.63,95,0.66,0.63888
V29,04/10/09,15/10/2015,13/06/2016,2720484,4,13.8,4.42,3.84,111,0.60996,0.52992
V29,04/10/09,16/10/2014,18/06/2015,2720484,3,16,2.17,3.8,595,0.3472,0.608
V29,04/10/09,02/11/2016,19/05/2017,2720484,5,15.6,4.41,3.69,118,0.68796,0.57564
V29,04/10/09,16/10/2014,20/01/2015,2720484,3,22.5,3.75,3.71,291,0.84375,0.83475
V29,04/10/09,02/11/2016,20/12/2016,2720484,5,23.8,5.64,3.65,210,1.34232,0.8687
V29,04/10/09,16/10/2014,23/02/2015,2720484,3,13.9,3.88,3.96,41,0.53932,0.55044
V29,04/10/09,15/10/2015,23/02/2016,2720484,4,27,3.56,3.77,62,0.9612,1.0179
V29,04/10/09,02/11/2016,31/01/2017,2720484,5,26.7,2.85,3.84,40,0.76095,1.02528
V30,26/08/09,18/12/2014,01/07/2015,2781016,3,19.9,4.05,3.43,78,0.80595,0.68257
V30,26/08/09,18/12/2014,07/01/2015,2781016,3,27.1,6.31,2.78,39,1.71001,0.75338
V30,26/08/09,18/12/2014,10/02/2015,2781016,3,25.4,4.76,2.67,54,1.20904,0.67818
V30,26/08/09,18/12/2014,17/03/2015,2781016,3,20.4,4.55,3.01,40,0.9282,0.61404
V30,26/08/09,18/12/2014,20/04/2015,2781016,3,24.1,4.68,3.04,68,1.12788,0.73264
V30,26/08/09,18/12/2014,26/05/2015,2781016,3,19,4.13,3.52,262,0.7847,0.6688
V31,05/09/12,25/02/2015,03/09/2015,2752236,1,16.4,4.24,3.53,83,0.69536,0.57892
V31,05/09/12,24/02/2016,06/07/2016,2752236,2,18,3.66,3.4,53,0.6588,0.612
V31,05/09/12,25/02/2015,07/10/2015,2752236,1,14.5,6.08,4.23,253,0.8816,0.61335
V31,05/09/12,25/02/2015,13/11/2015,2752236,1,7.8,4.09,4.54,230,0.31902,0.35412
V31,05/09/12,24/02/2016,17/03/2016,2752236,2,24.8,4.13,3.44,29,1.02424,0.85312
V31,05/09/12,25/02/2015,19/05/2015,2752236,1,16.2,3.28,3.03,24,0.53136,0.49086
V31,05/09/12,24/02/2016,22/04/2016,2752236,2,23,3.82,3.06,106,0.8786,0.7038
V31,05/09/12,25/02/2015,26/06/2015,2752236,1,18.7,3.69,3.26,15,0.69003,0.60962
V31,05/09/12,24/02/2016,27/05/2016,2752236,2,19.5,4.28,3.24,60,0.8346,0.6318
V31,05/09/12,25/02/2015,29/07/2015,2752236,1,19.7,4.45,3.58,250,0.87665,0.70526
V32,11/09/12,12/11/2014,02/03/2015,2781028,1,29,4.63,3.14,157,1.3427,0.9106
V32,11/09/12,12/11/2014,13/04/2015,2781028,1,26.1,5.95,3.35,303,1.55295,0.87435
V32,11/09/12,12/11/2014,14/09/2015,2781028,1,5.4,3.22,3.86,538,0.17388,0.20844
V32,11/09/12,12/11/2014,15/05/2015,2781028,1,17.1,3.71,3.78,1512,0.63441,0.64638
V32,11/09/12,12/11/2014,22/01/2015,2781028,1,33.7,3.07,2.64,20,1.03459,0.88968
V32,11/09/12,12/11/2014,22/06/2015,2781028,1,10.8,2.98,3.33,6450,0.32184,0.35964
V32,11/09/12,12/11/2014,24/07/2015,2781028,1,11.9,1.79,3.67,359,0.21301,0.43673
V33,23/12/09,27/05/2014,02/03/2015,2781028,3,7.3,6.64,4.69,399,0.48472,0.34237
V33,23/12/09,30/04/2017,06/06/2017,2781028,5,29.3,2.91,3.03,9,0.85263,0.88779
V33,23/12/09,30/04/2017,06/09/2017,2781028,5,26.2,3.16,3.17,179,0.82792,0.83054
V33,23/12/09,01/04/2016,07/06/2016,2781028,4,24.9,3.94,3.19,448,0.98106,0.79431
V33,23/12/09,01/04/2016,09/01/2017,2781028,4,14.5,4.43,4,144,0.64235,0.58
V33,23/12/09,27/05/2014,13/04/2015,2781028,3,10.7,4.55,3.77,191,0.48685,0.40339
V33,23/12/09,01/04/2016,13/07/2016,2781028,4,22.9,4.24,3.23,164,0.97096,0.73967
V33,23/12/09,30/04/2017,13/07/2017,2781028,5,29.3,3.8,3.06,19,1.1134,0.89658
V33,23/12/09,01/04/2016,13/09/2016,2781028,4,21.5,3.89,3.48,175,0.83635,0.7482
V33,23/12/09,30/04/2017,15/01/2018,2781028,5,12.6,4.51,4.18,133,0.56826,0.52668
V33,23/12/09,30/04/2017,16/10/2017,2781028,5,20,4.33,3.76,64,0.866,0.752
V33,23/12/09,01/04/2016,18/10/2016,2781028,4,17.5,4.36,3.64,136,0.763,0.637
V33,23/12/09,30/04/2017,21/11/2017,2781028,5,18.3,4.26,3.69,66,0.77958,0.67527
V33,23/12/09,27/05/2014,22/01/2015,2781028,3,16.6,4.05,3.81,129,0.6723,0.63246
V33,23/12/09,01/04/2016,28/11/2016,2781028,4,13.8,4.36,4.04,150,0.60168,0.55752
V33,23/12/09,01/04/2016,29/04/2016,2781028,4,27.6,3.92,2.78,21,1.08192,0.76728
V34,22/09/10,26/04/2015,01/09/2015,2793713,3,16.3,4.21,3.27,127,0.68623,0.53301
V34,22/09/10,14/08/2017,06/01/2018,2793713,5,18.4,3.92,3.45,998,0.72128,0.6348
V34,22/09/10,03/04/2016,07/06/2016,2793713,4,30.5,3.34,2.82,55,1.0187,0.8601
V34,22/09/10,03/04/2016,07/09/2016,2793713,4,20.2,3.68,3.13,57,0.74336,0.63226
V34,22/09/10,26/04/2015,08/07/2015,2793713,3,17.4,5.33,2.58,103,0.92742,0.44892
V34,22/09/10,26/04/2015,08/10/2015,2793713,3,14.7,3.63,3.33,205,0.53361,0.48951
V34,22/09/10,03/04/2016,11/07/2016,2793713,4,23.5,3.71,2.84,41,0.87185,0.6674
V34,22/09/10,26/04/2015,13/01/2016,2793713,3,11,4.59,3.84,507,0.5049,0.4224
V34,22/09/10,03/04/2016,13/10/2016,2793713,4,15.2,3.98,3.97,65,0.60496,0.60344
V34,22/09/10,14/08/2017,14/09/2017,2793713,5,22.3,2.75,2.91,4032,0.61325,0.64893
V34,22/09/10,14/08/2017,15/02/2018,2793713,5,11.3,4.67,3.53,910,0.52771,0.39889
V34,22/09/10,03/04/2016,17/01/2017,2793713,4,14.4,5.05,3.66,368,0.7272,0.52704
V34,22/09/10,26/04/2015,17/11/2015,2793713,3,11.5,4.47,3.83,132,0.51405,0.44045
V34,22/09/10,03/04/2016,19/11/2016,2793713,4,19.3,5.09,3.85,56,0.98237,0.74305
V34,22/09/10,14/08/2017,21/10/2017,2793713,5,20.4,3.84,3.01,1362,0.78336,0.61404
V34,22/09/10,03/04/2016,24/02/2017,2793713,4,14.3,4.48,3.65,910,0.64064,0.52195
V34,22/09/10,03/04/2016,28/04/2016,2793713,4,24,4.34,2.87,81,1.0416,0.6888
V34,22/09/10,14/08/2017,28/11/2017,2793713,5,14.3,4,3.66,1702,0.572,0.52338
V34,22/09/10,26/04/2015,29/05/2015,2793713,3,20.2,3.55,2.68,128,0.7171,0.54136
V35,15/05/11,22/04/2015,01/07/2015,2722109,2,21.2,3.88,3.33,9,0.82256,0.70596
V35,15/05/11,25/10/2016,03/07/2017,2722109,3,12.9,4.65,3.5,537,0.59985,0.4515
V35,15/05/11,22/04/2015,11/12/2015,2722109,2,11.9,4.13,3.64,186,0.49147,0.43316
V35,15/05/11,22/04/2015,12/11/2015,2722109,2,13.2,3.62,3.79,125,0.47784,0.50028
V35,15/05/11,22/04/2015,15/09/2015,2722109,2,10.2,3.91,3.1,288,0.39882,0.3162
V35,15/05/11,25/10/2016,15/12/2016,2722109,3,25.1,4.01,3.05,10,1.00651,0.76555
V35,15/05/11,22/04/2015,16/10/2015,2722109,2,17.1,3.73,3.43,282,0.63783,0.58653
V35,15/05/11,25/10/2016,16/11/2016,2722109,3,28.9,3.61,3.3,7,1.04329,0.9537
V35,15/05/11,22/04/2015,17/02/2016,2722109,2,14.7,4.53,3.88,132,0.66591,0.57036
V35,15/05/11,22/04/2015,17/03/2016,2722109,2,14.2,4.73,4.19,159,0.67166,0.59498
V35,15/05/11,22/04/2015,18/01/2016,2722109,2,11.9,4.68,3.78,221,0.55692,0.44982
V35,15/05/11,25/10/2016,19/01/2017,2722109,3,26,4.2,2.96,13,1.092,0.7696
V35,15/05/11,25/10/2016,20/02/2017,2722109,3,22.5,4.51,3.54,26,1.01475,0.7965
V35,15/05/11,26/03/2014,21/01/2015,2722109,1,6.2,4.72,3.74,132,0.29264,0.23188
V35,15/05/11,25/10/2016,22/09/2017,2722109,3,7,4.51,3.97,710,0.3157,0.2779
V35,15/05/11,25/10/2016,25/03/2017,2722109,3,19.6,5.68,3.74,133,1.11328,0.73304
V35,15/05/11,22/04/2015,26/05/2015,2722109,2,28.6,3.07,3.1,14,0.87802,0.8866
V35,15/05/11,25/10/2016,28/04/2017,2722109,3,24.5,1.94,3.51,32,0.4753,0.85995
V35,15/05/11,25/10/2016,31/05/2017,2722109,3,23.4,3.83,3.55,189,0.89622,0.8307
V36,20/01/12,03/10/2014,01/07/2015,2722109,1,12.9,5.42,3.54,627,0.69918,0.45666
V36,20/01/12,06/10/2015,11/12/2015,2722109,2,29.3,4.18,3.34,56,1.22474,0.97862
V36,20/01/12,06/10/2015,12/11/2015,2722109,2,24.6,4.26,3.45,71,1.04796,0.8487
V36,20/01/12,01/11/2016,15/12/2016,2722109,3,21.4,3.97,2.98,15,0.84958,0.63772
V36,20/01/12,06/10/2015,16/10/2015,2722109,2,31.8,3.85,3.48,30,1.2243,1.10664
V36,20/01/12,01/11/2016,16/11/2016,2722109,3,23.4,3.37,3.1,11,0.78858,0.7254
V36,20/01/12,06/10/2015,17/02/2016,2722109,2,24.6,4.12,3.68,179,1.01352,0.90528
V36,20/01/12,06/10/2015,17/03/2016,2722109,2,24.4,4.37,3.82,262,1.06628,0.93208
V36,20/01/12,06/10/2015,18/01/2016,2722109,2,17.6,4.51,3.51,130,0.79376,0.61776
V36,20/01/12,01/11/2016,19/01/2017,2722109,3,23.7,3.07,3.24,16,0.72759,0.76788
V36,20/01/12,14/10/2017,19/01/2018,2722109,4,27.5,3.6,3.43,75,0.99,0.94325
V36,20/01/12,03/10/2014,19/02/2015,2722109,1,19.5,3.76,3.32,96,0.7332,0.6474
V36,20/01/12,06/10/2015,19/04/2016,2722109,2,20.7,4.05,3.83,243,0.83835,0.79281
V36,20/01/12,06/10/2015,19/05/2016,2722109,2,22.1,4.26,3.68,366,0.94146,0.81328
V36,20/01/12,01/11/2016,20/02/2017,2722109,3,25.4,4.38,3.53,28,1.11252,0.89662
V36,20/01/12,14/10/2017,20/12/2017,2722109,4,26.3,4.41,3.23,48,1.15983,0.84949
V36,20/01/12,03/10/2014,21/01/2015,2722109,1,17.1,3.67,3.26,59,0.62757,0.55746
V36,20/01/12,06/10/2015,21/06/2016,2722109,2,18.3,3.97,4.07,328,0.72651,0.74481
V36,20/01/12,03/10/2014,23/04/2015,2722109,1,16.3,4.48,3.61,427,0.73024,0.58843
V36,20/01/12,14/10/2017,24/10/2017,2722109,4,28.3,4.29,3.71,53,1.21407,1.04993
V36,20/01/12,14/10/2017,24/11/2017,2722109,4,30.9,4.17,3.29,49,1.28853,1.01661
V36,20/01/12,03/10/2014,25/03/2015,2722109,1,16.3,4.15,3.42,100,0.67645,0.55746
V36,20/01/12,01/11/2016,25/03/2017,2722109,3,23.5,4.91,3.52,48,1.15385,0.8272
V36,20/01/12,03/10/2014,26/05/2015,2722109,1,15.2,3.52,3.5,583,0.53504,0.532
V36,20/01/12,01/11/2016,28/04/2017,2722109,3,21.2,4.61,3.43,109,0.97732,0.72716
V36,20/01/12,01/11/2016,31/05/2017,2722109,3,21.9,4.62,3.51,110,1.01178,0.76869
V37,22/10/12,11/03/2016,01/06/2016,2773233,2,31.6,3.83,2.87,36,1.21028,0.90692
V37,22/10/12,10/03/2015,04/11/2015,2773233,1,16.7,3.75,3.47,134,0.62625,0.57949
V37,22/10/12,11/03/2016,06/09/2016,2773233,2,24.5,5,3.37,76,1.225,0.82565
V37,22/10/12,10/03/2015,07/05/2015,2773233,1,26.5,3.65,3.02,35,0.96725,0.8003
V37,22/10/12,11/03/2016,08/07/2016,2773233,2,20.7,3.57,2.86,76,0.73899,0.59202
V37,22/10/12,10/03/2015,12/06/2015,2773233,1,19.1,3.73,2.82,65,0.71243,0.53862
V37,22/10/12,11/03/2016,13/10/2016,2773233,2,19.9,4.34,3.45,436,0.86366,0.68655
V37,22/10/12,11/03/2016,18/11/2016,2773233,2,18.6,3.58,3.99,255,0.66588,0.74214
V37,22/10/12,10/03/2015,20/07/2015,2773233,1,15,3.17,3.06,42,0.4755,0.459
V37,22/10/12,11/03/2016,21/03/2016,2773233,2,30.2,4.38,3.73,172,1.32276,1.12646
V37,22/10/12,11/03/2016,26/04/2016,2773233,2,31.3,4.13,2.79,29,1.29269,0.87327
